storeid,storename,customerid,firstname,purchased_amt,customer_type
S001,"MegaMart Jimenezborough",C157,Connie,22986.499999999996,"High Value"
S001,"MegaMart Jimenezborough",C110,Travis,20360.62,"High Value"
S001,"MegaMart Jimenezborough",C125,Kimberly,19397.89,"High Value"
S001,"MegaMart Jimenezborough",C193,Donald,19093.28,"High Value"
S001,"MegaMart Jimenezborough",C158,Crystal,18636.05,"High Value"
S001,"MegaMart Jimenezborough",C191,Karen,17702.73,"High Value"
S001,"MegaMart Jimenezborough",C014,Brittany,16973.06,"High Value"
S001,"MegaMart Jimenezborough",C154,Lisa,16867.9,"High Value"
S001,"MegaMart Jimenezborough",C069,Gabriel,16807.63,"High Value"
S001,"MegaMart Jimenezborough",C003,Carol,16543.5,"High Value"
S001,"MegaMart Jimenezborough",C170,Amber,16355.599999999999,"High Value"
S001,"MegaMart Jimenezborough",C109,Austin,16172.369999999999,"High Value"
S001,"MegaMart Jimenezborough",C037,Miranda,15994.590000000002,"High Value"
S001,"MegaMart Jimenezborough",C060,Anthony,15130.27,"High Value"
S001,"MegaMart Jimenezborough",C058,Lawrence,15087.010000000002,"High Value"
S001,"MegaMart Jimenezborough",C143,Cynthia,14986.170000000002,"High Value"
S001,"MegaMart Jimenezborough",C173,Lisa,14600.55,"High Value"
S001,"MegaMart Jimenezborough",C052,Billy,14349.189999999999,"High Value"
S001,"MegaMart Jimenezborough",C012,Dale,14153.89,"High Value"
S001,"MegaMart Jimenezborough",C028,John,14005.980000000001,"High Value"
S001,"MegaMart Jimenezborough",C168,Richard,13573.37,"High Value"
S001,"MegaMart Jimenezborough",C017,Vanessa,13310.279999999999,"High Value"
S001,"MegaMart Jimenezborough",C087,Laurie,12900.96,"High Value"
S001,"MegaMart Jimenezborough",C020,Ryan,12478.47,"High Value"
S001,"MegaMart Jimenezborough",C130,Aaron,12350.18,"High Value"
S001,"MegaMart Jimenezborough",C150,Francis,12310.41,"High Value"
S001,"MegaMart Jimenezborough",C105,Kenneth,12257.63,"High Value"
S001,"MegaMart Jimenezborough",C161,Michael,11890.5,"High Value"
S001,"MegaMart Jimenezborough",C163,Erin,11792.939999999999,"High Value"
S001,"MegaMart Jimenezborough",C124,Chad,11772.9,"High Value"
S001,"MegaMart Jimenezborough",C049,Antonio,11412.31,"High Value"
S001,"MegaMart Jimenezborough",C045,Kelly,11286.8,"High Value"
S001,"MegaMart Jimenezborough",C092,Lindsey,11277.189999999999,"High Value"
S001,"MegaMart Jimenezborough",C040,Scott,11238.7,"High Value"
S001,"MegaMart Jimenezborough",C136,Amanda,10948.439999999999,"High Value"
S001,"MegaMart Jimenezborough",C070,Eric,10900.349999999999,"High Value"
S001,"MegaMart Jimenezborough",C034,Kari,10383.24,"High Value"
S001,"MegaMart Jimenezborough",C010,Catherine,10327.92,"High Value"
S001,"MegaMart Jimenezborough",C186,Vicki,10148.460000000001,"High Value"
S001,"MegaMart Jimenezborough",C180,Nichole,10070.53,"High Value"
S001,"MegaMart Jimenezborough",C035,Kimberly,10028.380000000001,"High Value"
S001,"MegaMart Jimenezborough",C063,Michael,9894.89,"High Value"
S001,"MegaMart Jimenezborough",C176,Peter,9893.4,"High Value"
S001,"MegaMart Jimenezborough",C079,Donald,9832.67,"High Value"
S001,"MegaMart Jimenezborough",C128,Robert,9669.9,"High Value"
S001,"MegaMart Jimenezborough",C033,Jenny,9597.1,"High Value"
S001,"MegaMart Jimenezborough",C057,Julie,9530.38,"High Value"
S001,"MegaMart Jimenezborough",C133,Yvette,9395.4,"High Value"
S001,"MegaMart Jimenezborough",C061,Heather,9365.689999999999,"High Value"
S001,"MegaMart Jimenezborough",C177,Anthony,9364.650000000001,"High Value"
S001,"MegaMart Jimenezborough",C011,Haley,9317.01,"High Value"
S001,"MegaMart Jimenezborough",C160,Meagan,9293.75,"High Value"
S001,"MegaMart Jimenezborough",C077,Matthew,9206.82,"High Value"
S001,"MegaMart Jimenezborough",C118,Gina,8978.720000000001,"High Value"
S001,"MegaMart Jimenezborough",C115,Jose,8926.74,"High Value"
S001,"MegaMart Jimenezborough",C169,Travis,8607.51,"High Value"
S001,"MegaMart Jimenezborough",C107,Victoria,8543.09,"High Value"
S001,"MegaMart Jimenezborough",C073,Carl,8509.210000000001,"Mid Value"
S001,"MegaMart Jimenezborough",C192,James,8456.17,"Mid Value"
S001,"MegaMart Jimenezborough",C198,Jessica,8435.05,"Mid Value"
S001,"MegaMart Jimenezborough",C117,Timothy,7928.9,"Mid Value"
S001,"MegaMart Jimenezborough",C182,Meghan,7898.83,"Mid Value"
S001,"MegaMart Jimenezborough",C103,David,7853.879999999999,"Mid Value"
S001,"MegaMart Jimenezborough",C088,Brenda,7769.670000000002,"Mid Value"
S001,"MegaMart Jimenezborough",C083,Jeremy,7730.650000000001,"Mid Value"
S001,"MegaMart Jimenezborough",C139,Alexander,7680.320000000001,"Mid Value"
S001,"MegaMart Jimenezborough",C018,Breanna,7630.919999999999,"Mid Value"
S001,"MegaMart Jimenezborough",C151,Dawn,7608.89,"Mid Value"
S001,"MegaMart Jimenezborough",C081,Sarah,7548.24,"Mid Value"
S001,"MegaMart Jimenezborough",C119,Jason,7509.389999999999,"Mid Value"
S001,"MegaMart Jimenezborough",C089,William,7507.3,"Mid Value"
S001,"MegaMart Jimenezborough",C084,Amanda,7494.1900000000005,"Mid Value"
S001,"MegaMart Jimenezborough",C127,John,7195.88,"Mid Value"
S001,"MegaMart Jimenezborough",C099,Kimberly,7142.03,"Mid Value"
S001,"MegaMart Jimenezborough",C188,Ryan,6928.5,"Mid Value"
S001,"MegaMart Jimenezborough",C100,Sean,6825.6,"Mid Value"
S001,"MegaMart Jimenezborough",C086,Lawrence,6777.24,"Mid Value"
S001,"MegaMart Jimenezborough",C047,Mary,6639.610000000001,"Mid Value"
S001,"MegaMart Jimenezborough",C187,Cynthia,6629.96,"Mid Value"
S001,"MegaMart Jimenezborough",C144,Betty,6585.23,"Mid Value"
S001,"MegaMart Jimenezborough",C171,Christina,6432.75,"Mid Value"
S001,"MegaMart Jimenezborough",C076,Phyllis,6224.75,"Mid Value"
S001,"MegaMart Jimenezborough",C004,Joseph,6175.960000000001,"Mid Value"
S001,"MegaMart Jimenezborough",C062,Susan,6113.750000000001,"Mid Value"
S001,"MegaMart Jimenezborough",C025,Cheryl,6106.540000000001,"Mid Value"
S001,"MegaMart Jimenezborough",C071,Denise,5970.599999999999,"Mid Value"
S001,"MegaMart Jimenezborough",C050,Kelly,5970.599999999999,"Mid Value"
S001,"MegaMart Jimenezborough",C156,George,5965.45,"Mid Value"
S001,"MegaMart Jimenezborough",C145,Paige,5859.18,"Mid Value"
S001,"MegaMart Jimenezborough",C029,Tyler,5857.950000000001,"Mid Value"
S001,"MegaMart Jimenezborough",C048,Alexis,5847.13,"Mid Value"
S001,"MegaMart Jimenezborough",C030,Lacey,5772.4,"Mid Value"
S001,"MegaMart Jimenezborough",C148,John,5396.91,"Mid Value"
S001,"MegaMart Jimenezborough",C185,Joe,5392.79,"Mid Value"
S001,"MegaMart Jimenezborough",C066,Jason,5390.290000000001,"Mid Value"
S001,"MegaMart Jimenezborough",C106,Kevin,5381.25,"Mid Value"
S001,"MegaMart Jimenezborough",C036,Michael,5223.200000000001,"Mid Value"
S001,"MegaMart Jimenezborough",C090,Carrie,5161.54,"Mid Value"
S001,"MegaMart Jimenezborough",C194,Ann,5021.07,"Mid Value"
S001,"MegaMart Jimenezborough",C021,Debbie,4960.44,"Mid Value"
S001,"MegaMart Jimenezborough",C038,Tracey,4898.08,"Mid Value"
S001,"MegaMart Jimenezborough",C001,Michael,4865.44,"Mid Value"
S001,"MegaMart Jimenezborough",C165,Tanya,4836.5,"Mid Value"
S001,"MegaMart Jimenezborough",C155,Jill,4771.64,"Mid Value"
S001,"MegaMart Jimenezborough",C112,Jeffrey,4710.61,"Mid Value"
S001,"MegaMart Jimenezborough",C039,Nancy,4687.29,"Mid Value"
S001,"MegaMart Jimenezborough",C051,Madison,4648.51,"Mid Value"
S001,"MegaMart Jimenezborough",C024,Molly,4574.62,"Mid Value"
S001,"MegaMart Jimenezborough",C175,Stacey,4561.64,"Mid Value"
S001,"MegaMart Jimenezborough",C075,Seth,4462.2300000000005,"Mid Value"
S001,"MegaMart Jimenezborough",C159,Thomas,3998.4300000000003,"Mid Value"
S001,"MegaMart Jimenezborough",C116,Jamie,3923.54,"Mid Value"
S001,"MegaMart Jimenezborough",C078,Jeanne,3758.16,"Mid Value"
S001,"MegaMart Jimenezborough",C019,John,3756.94,"Mid Value"
S001,"MegaMart Jimenezborough",C085,Juan,3723.54,"Low Value"
S001,"MegaMart Jimenezborough",C104,Brenda,3717.5,"Low Value"
S001,"MegaMart Jimenezborough",C122,Amy,3639.59,"Low Value"
S001,"MegaMart Jimenezborough",C184,Daniel,3591.54,"Low Value"
S001,"MegaMart Jimenezborough",C082,Amy,3544.88,"Low Value"
S001,"MegaMart Jimenezborough",C095,Kevin,3525.84,"Low Value"
S001,"MegaMart Jimenezborough",C167,Kimberly,3491.22,"Low Value"
S001,"MegaMart Jimenezborough",C026,Justin,3347.38,"Low Value"
S001,"MegaMart Jimenezborough",C126,Monique,3347.38,"Low Value"
S001,"MegaMart Jimenezborough",C007,Erin,3337.7000000000003,"Low Value"
S001,"MegaMart Jimenezborough",C179,Dennis,3270.02,"Low Value"
S001,"MegaMart Jimenezborough",C129,Gary,3239.67,"Low Value"
S001,"MegaMart Jimenezborough",C146,John,3139.12,"Low Value"
S001,"MegaMart Jimenezborough",C147,Crystal,3042.14,"Low Value"
S001,"MegaMart Jimenezborough",C055,Deborah,2974.82,"Low Value"
S001,"MegaMart Jimenezborough",C123,Peter,2974.82,"Low Value"
S001,"MegaMart Jimenezborough",C113,Heidi,2704.7000000000003,"Low Value"
S001,"MegaMart Jimenezborough",C068,Alexandra,2704.7000000000003,"Low Value"
S001,"MegaMart Jimenezborough",C023,Mark,2703.89,"Low Value"
S001,"MegaMart Jimenezborough",C072,Eric,2695.12,"Low Value"
S001,"MegaMart Jimenezborough",C032,Valerie,2685.5,"Low Value"
S001,"MegaMart Jimenezborough",C006,Danny,2386.18,"Low Value"
S001,"MegaMart Jimenezborough",C189,Steve,2286.24,"Low Value"
S001,"MegaMart Jimenezborough",C172,Michelle,2268.1,"Low Value"
S001,"MegaMart Jimenezborough",C013,Robert,2145.75,"Low Value"
S001,"MegaMart Jimenezborough",C005,Jamie,2021.34,"Low Value"
S001,"MegaMart Jimenezborough",C067,Daniel,2021.34,"Low Value"
S001,"MegaMart Jimenezborough",C138,Breanna,1958.7,"Low Value"
S001,"MegaMart Jimenezborough",C041,Melissa,1952.65,"Low Value"
S001,"MegaMart Jimenezborough",C174,Scott,1853.77,"Low Value"
S001,"MegaMart Jimenezborough",C016,Miguel,1814.48,"Low Value"
S001,"MegaMart Jimenezborough",C196,James,1780.73,"Low Value"
S001,"MegaMart Jimenezborough",C002,Michael,1715.7599999999998,"Low Value"
S001,"MegaMart Jimenezborough",C164,Linda,1641.73,"Low Value"
S001,"MegaMart Jimenezborough",C131,Denise,1622.8200000000002,"Low Value"
S001,"MegaMart Jimenezborough",C043,Kenneth,1590.25,"Low Value"
S001,"MegaMart Jimenezborough",C094,Kimberly,1582.5,"Low Value"
S001,"MegaMart Jimenezborough",C059,Scott,1574.64,"Low Value"
S001,"MegaMart Jimenezborough",C183,Mary,1487.41,"Low Value"
S001,"MegaMart Jimenezborough",C132,Jared,1487.41,"Low Value"
S001,"MegaMart Jimenezborough",C181,Brittany,1474.12,"Low Value"
S001,"MegaMart Jimenezborough",C074,Jesus,1342.75,"Low Value"
S001,"MegaMart Jimenezborough",C054,Crystal,1284.15,"Low Value"
S001,"MegaMart Jimenezborough",C166,Meagan,1284.15,"Low Value"
S001,"MegaMart Jimenezborough",C022,Megan,1272.2,"Low Value"
S001,"MegaMart Jimenezborough",C178,Mark,1218.84,"Low Value"
S001,"MegaMart Jimenezborough",C064,Amanda,1109.13,"Low Value"
S001,"MegaMart Jimenezborough",C027,Jacqueline,1095.72,"Low Value"
S001,"MegaMart Jimenezborough",C195,James,915.8299999999999,"Low Value"
S001,"MegaMart Jimenezborough",C008,Isaiah,914.1299999999999,"Low Value"
S001,"MegaMart Jimenezborough",C134,Emily,553.28,"Low Value"
S001,"MegaMart Jimenezborough",C137,Gary,548.9,"Low Value"
S001,"MegaMart Jimenezborough",C199,Juan,548.9,"Low Value"
S001,"MegaMart Jimenezborough",C120,Curtis,540.94,"Low Value"
S001,"MegaMart Jimenezborough",C162,Jill,439.12,"Low Value"
S001,"MegaMart Jimenezborough",C108,Samantha,366.93,"Low Value"
S001,"MegaMart Jimenezborough",C096,Eric,87.72,"Low Value"
S002,"MegaMart Peckmouth",C082,Amy,21705.96,"High Value"
S002,"MegaMart Peckmouth",C042,Anna,20653.45,"High Value"
S002,"MegaMart Peckmouth",C077,Matthew,20278.850000000002,"High Value"
S002,"MegaMart Peckmouth",C132,Jared,17808.69,"High Value"
S002,"MegaMart Peckmouth",C007,Erin,15596.150000000001,"High Value"
S002,"MegaMart Peckmouth",C079,Donald,15567.770000000002,"High Value"
S002,"MegaMart Peckmouth",C168,Richard,15398.19,"High Value"
S002,"MegaMart Peckmouth",C164,Linda,15221.91,"High Value"
S002,"MegaMart Peckmouth",C057,Julie,15116.000000000002,"High Value"
S002,"MegaMart Peckmouth",C036,Michael,15015.36,"High Value"
S002,"MegaMart Peckmouth",C064,Amanda,14836.689999999999,"High Value"
S002,"MegaMart Peckmouth",C134,Emily,14815.75,"High Value"
S002,"MegaMart Peckmouth",C031,Ashley,14815.100000000002,"High Value"
S002,"MegaMart Peckmouth",C047,Mary,14788.43,"High Value"
S002,"MegaMart Peckmouth",C112,Jeffrey,14431.96,"High Value"
S002,"MegaMart Peckmouth",C049,Antonio,14244.33,"High Value"
S002,"MegaMart Peckmouth",C056,Carl,13655.900000000001,"High Value"
S002,"MegaMart Peckmouth",C073,Carl,12409.25,"High Value"
S002,"MegaMart Peckmouth",C018,Breanna,12372.32,"High Value"
S002,"MegaMart Peckmouth",C085,Juan,11910.06,"High Value"
S002,"MegaMart Peckmouth",C003,Carol,11834.779999999999,"High Value"
S002,"MegaMart Peckmouth",C048,Alexis,11712.16,"High Value"
S002,"MegaMart Peckmouth",C191,Karen,11665.66,"High Value"
S002,"MegaMart Peckmouth",C144,Betty,11626,"High Value"
S002,"MegaMart Peckmouth",C189,Steve,11582.81,"High Value"
S002,"MegaMart Peckmouth",C062,Susan,11563.25,"High Value"
S002,"MegaMart Peckmouth",C012,Dale,11537.599999999999,"High Value"
S002,"MegaMart Peckmouth",C078,Jeanne,11522.810000000001,"High Value"
S002,"MegaMart Peckmouth",C193,Donald,11463.53,"High Value"
S002,"MegaMart Peckmouth",C101,William,11087.769999999999,"High Value"
S002,"MegaMart Peckmouth",C040,Scott,11080.62,"High Value"
S002,"MegaMart Peckmouth",C155,Jill,10981.21,"High Value"
S002,"MegaMart Peckmouth",C097,Evelyn,10947.92,"High Value"
S002,"MegaMart Peckmouth",C102,Carolyn,10868.310000000001,"High Value"
S002,"MegaMart Peckmouth",C029,Tyler,10623.240000000002,"High Value"
S002,"MegaMart Peckmouth",C074,Jesus,10334.449999999999,"High Value"
S002,"MegaMart Peckmouth",C091,Brian,10296.460000000001,"High Value"
S002,"MegaMart Peckmouth",C190,Daniel,10279.96,"High Value"
S002,"MegaMart Peckmouth",C063,Michael,10258.97,"High Value"
S002,"MegaMart Peckmouth",C058,Lawrence,10178.38,"High Value"
S002,"MegaMart Peckmouth",C147,Crystal,10061.130000000001,"High Value"
S002,"MegaMart Peckmouth",C172,Michelle,10005.41,"High Value"
S002,"MegaMart Peckmouth",C055,Deborah,10004.71,"High Value"
S002,"MegaMart Peckmouth",C162,Jill,9864.81,"High Value"
S002,"MegaMart Peckmouth",C161,Michael,9712.83,"High Value"
S002,"MegaMart Peckmouth",C041,Melissa,9710.4,"High Value"
S002,"MegaMart Peckmouth",C001,Michael,9585.03,"High Value"
S002,"MegaMart Peckmouth",C145,Paige,9525.560000000001,"High Value"
S002,"MegaMart Peckmouth",C087,Laurie,9434.97,"High Value"
S002,"MegaMart Peckmouth",C110,Travis,9392.35,"High Value"
S002,"MegaMart Peckmouth",C106,Kevin,9314.08,"High Value"
S002,"MegaMart Peckmouth",C150,Francis,9237.6,"High Value"
S002,"MegaMart Peckmouth",C080,Grace,9154.369999999999,"High Value"
S002,"MegaMart Peckmouth",C034,Kari,9142.53,"High Value"
S002,"MegaMart Peckmouth",C186,Vicki,9118.04,"High Value"
S002,"MegaMart Peckmouth",C008,Isaiah,9047.71,"Mid Value"
S002,"MegaMart Peckmouth",C163,Erin,8990.08,"Mid Value"
S002,"MegaMart Peckmouth",C182,Meghan,8972.16,"Mid Value"
S002,"MegaMart Peckmouth",C197,Matthew,8907.739999999998,"Mid Value"
S002,"MegaMart Peckmouth",C025,Cheryl,8859.57,"Mid Value"
S002,"MegaMart Peckmouth",C167,Kimberly,8814.6,"Mid Value"
S002,"MegaMart Peckmouth",C093,Stanley,8733.6,"Mid Value"
S002,"MegaMart Peckmouth",C104,Brenda,8494.05,"Mid Value"
S002,"MegaMart Peckmouth",C043,Kenneth,8454.09,"Mid Value"
S002,"MegaMart Peckmouth",C166,Meagan,8425.95,"Mid Value"
S002,"MegaMart Peckmouth",C200,Ronald,8329.77,"Mid Value"
S002,"MegaMart Peckmouth",C050,Kelly,8313.76,"Mid Value"
S002,"MegaMart Peckmouth",C123,Peter,8263.04,"Mid Value"
S002,"MegaMart Peckmouth",C146,John,8109.04,"Mid Value"
S002,"MegaMart Peckmouth",C136,Amanda,7908.72,"Mid Value"
S002,"MegaMart Peckmouth",C119,Jason,7794.34,"Mid Value"
S002,"MegaMart Peckmouth",C020,Ryan,7749.17,"Mid Value"
S002,"MegaMart Peckmouth",C030,Lacey,7513.88,"Mid Value"
S002,"MegaMart Peckmouth",C142,Suzanne,7513.88,"Mid Value"
S002,"MegaMart Peckmouth",C004,Joseph,7437.890000000001,"Mid Value"
S002,"MegaMart Peckmouth",C156,George,7409.3099999999995,"Mid Value"
S002,"MegaMart Peckmouth",C121,John,7293.8099999999995,"Mid Value"
S002,"MegaMart Peckmouth",C116,Jamie,7179.099999999999,"Mid Value"
S002,"MegaMart Peckmouth",C033,Jenny,7142.589999999999,"Mid Value"
S002,"MegaMart Peckmouth",C183,Mary,7071.4,"Mid Value"
S002,"MegaMart Peckmouth",C122,Amy,6866.01,"Mid Value"
S002,"MegaMart Peckmouth",C059,Scott,6865.67,"Mid Value"
S002,"MegaMart Peckmouth",C177,Anthony,6734.469999999999,"Mid Value"
S002,"MegaMart Peckmouth",C107,Victoria,6694.76,"Mid Value"
S002,"MegaMart Peckmouth",C181,Brittany,6683.6,"Mid Value"
S002,"MegaMart Peckmouth",C039,Nancy,6470.929999999999,"Mid Value"
S002,"MegaMart Peckmouth",C143,Cynthia,6361.15,"Mid Value"
S002,"MegaMart Peckmouth",C095,Kevin,6249.72,"Mid Value"
S002,"MegaMart Peckmouth",C148,John,6230.549999999999,"Mid Value"
S002,"MegaMart Peckmouth",C046,Dennis,6226.09,"Mid Value"
S002,"MegaMart Peckmouth",C072,Eric,6211.8,"Mid Value"
S002,"MegaMart Peckmouth",C151,Dawn,6203.6900000000005,"Mid Value"
S002,"MegaMart Peckmouth",C096,Eric,5980.05,"Mid Value"
S002,"MegaMart Peckmouth",C010,Catherine,5970.599999999999,"Mid Value"
S002,"MegaMart Peckmouth",C016,Miguel,5576.25,"Mid Value"
S002,"MegaMart Peckmouth",C099,Kimberly,5561.3099999999995,"Mid Value"
S002,"MegaMart Peckmouth",C188,Ryan,5519.860000000001,"Mid Value"
S002,"MegaMart Peckmouth",C027,Jacqueline,5485.4,"Mid Value"
S002,"MegaMart Peckmouth",C014,Brittany,5477.299999999999,"Mid Value"
S002,"MegaMart Peckmouth",C052,Billy,5413.92,"Mid Value"
S002,"MegaMart Peckmouth",C088,Brenda,5288.76,"Mid Value"
S002,"MegaMart Peckmouth",C157,Connie,5088.92,"Mid Value"
S002,"MegaMart Peckmouth",C184,Daniel,4903.11,"Mid Value"
S002,"MegaMart Peckmouth",C140,Stacy,4864.83,"Mid Value"
S002,"MegaMart Peckmouth",C118,Gina,4593.17,"Mid Value"
S002,"MegaMart Peckmouth",C178,Mark,4573.71,"Mid Value"
S002,"MegaMart Peckmouth",C065,Scott,4524.639999999999,"Mid Value"
S002,"MegaMart Peckmouth",C021,Debbie,4422.36,"Mid Value"
S002,"MegaMart Peckmouth",C053,Felicia,4317.820000000001,"Mid Value"
S002,"MegaMart Peckmouth",C185,Joe,4295.52,"Mid Value"
S002,"MegaMart Peckmouth",C127,John,4291.19,"Low Value"
S002,"MegaMart Peckmouth",C152,Brittany,4291.19,"Low Value"
S002,"MegaMart Peckmouth",C173,Lisa,4271.55,"Low Value"
S002,"MegaMart Peckmouth",C051,Madison,4096.62,"Low Value"
S002,"MegaMart Peckmouth",C069,Gabriel,4093.8,"Low Value"
S002,"MegaMart Peckmouth",C135,Mario,4032.16,"Low Value"
S002,"MegaMart Peckmouth",C196,James,3816.69,"Low Value"
S002,"MegaMart Peckmouth",C125,Kimberly,3707.54,"Low Value"
S002,"MegaMart Peckmouth",C133,Yvette,3673.8100000000004,"Low Value"
S002,"MegaMart Peckmouth",C092,Lindsey,3596.75,"Low Value"
S002,"MegaMart Peckmouth",C115,Jose,3550.2,"Low Value"
S002,"MegaMart Peckmouth",C111,Dylan,3496.1099999999997,"Low Value"
S002,"MegaMart Peckmouth",C013,Robert,3347.38,"Low Value"
S002,"MegaMart Peckmouth",C109,Austin,3347.38,"Low Value"
S002,"MegaMart Peckmouth",C126,Monique,3275.04,"Low Value"
S002,"MegaMart Peckmouth",C075,Seth,3224.87,"Low Value"
S002,"MegaMart Peckmouth",C138,Breanna,2717.58,"Low Value"
S002,"MegaMart Peckmouth",C011,Haley,2695.12,"Low Value"
S002,"MegaMart Peckmouth",C068,Alexandra,2685.5,"Low Value"
S002,"MegaMart Peckmouth",C054,Crystal,2642.9300000000003,"Low Value"
S002,"MegaMart Peckmouth",C024,Molly,2516.58,"Low Value"
S002,"MegaMart Peckmouth",C180,Nichole,2478.92,"Low Value"
S002,"MegaMart Peckmouth",C022,Megan,2454.48,"Low Value"
S002,"MegaMart Peckmouth",C175,Stacey,2443.54,"Low Value"
S002,"MegaMart Peckmouth",C094,Kimberly,2330.74,"Low Value"
S002,"MegaMart Peckmouth",C130,Aaron,2322.96,"Low Value"
S002,"MegaMart Peckmouth",C176,Peter,2170.22,"Low Value"
S002,"MegaMart Peckmouth",C081,Sarah,2169.49,"Low Value"
S002,"MegaMart Peckmouth",C090,Carrie,2163.6,"Low Value"
S002,"MegaMart Peckmouth",C026,Justin,2119.27,"Low Value"
S002,"MegaMart Peckmouth",C005,Jamie,1952.65,"Low Value"
S002,"MegaMart Peckmouth",C083,Jeremy,1811.69,"Low Value"
S002,"MegaMart Peckmouth",C179,Dennis,1754.8999999999999,"Low Value"
S002,"MegaMart Peckmouth",C067,Daniel,1590.25,"Low Value"
S002,"MegaMart Peckmouth",C023,Mark,1553.04,"Low Value"
S002,"MegaMart Peckmouth",C044,Parker,1396.22,"Low Value"
S002,"MegaMart Peckmouth",C002,Michael,1360.8600000000001,"Low Value"
S002,"MegaMart Peckmouth",C195,James,1352.25,"Low Value"
S002,"MegaMart Peckmouth",C019,John,1286.55,"Low Value"
S002,"MegaMart Peckmouth",C086,Lawrence,1218.84,"Low Value"
S002,"MegaMart Peckmouth",C153,Nancy,1194.12,"Low Value"
S002,"MegaMart Peckmouth",C032,Valerie,1128.84,"Low Value"
S002,"MegaMart Peckmouth",C089,William,1100.79,"Low Value"
S002,"MegaMart Peckmouth",C165,Tanya,1095.72,"Low Value"
S002,"MegaMart Peckmouth",C076,Phyllis,1089.6,"Low Value"
S002,"MegaMart Peckmouth",C066,Jason,858.3,"Low Value"
S002,"MegaMart Peckmouth",C006,Danny,675.26,"Low Value"
S002,"MegaMart Peckmouth",C028,John,540.9,"Low Value"
S002,"MegaMart Peckmouth",C009,Richard,453.62,"Low Value"
S002,"MegaMart Peckmouth",C100,Sean,318.05,"Low Value"
S002,"MegaMart Peckmouth",C149,Melissa,304.71,"Low Value"
S002,"MegaMart Peckmouth",C037,Miranda,146.2,"Low Value"
S002,"MegaMart Peckmouth",C084,Amanda,127.85,"Low Value"
S002,"MegaMart Peckmouth",C131,Denise,116.96,"Low Value"
S002,"MegaMart Peckmouth",C171,Christina,102.28,"Low Value"
S003,"MegaMart New Michele",C199,Juan,26112.380000000005,"High Value"
S003,"MegaMart New Michele",C122,Amy,22307.469999999998,"High Value"
S003,"MegaMart New Michele",C076,Phyllis,21265.76,"High Value"
S003,"MegaMart New Michele",C073,Carl,17650.25,"High Value"
S003,"MegaMart New Michele",C161,Michael,16724.7,"High Value"
S003,"MegaMart New Michele",C040,Scott,16078.07,"High Value"
S003,"MegaMart New Michele",C162,Jill,15860.669999999998,"High Value"
S003,"MegaMart New Michele",C062,Susan,15844.17,"High Value"
S003,"MegaMart New Michele",C093,Stanley,15796.68,"High Value"
S003,"MegaMart New Michele",C171,Christina,15050.309999999998,"High Value"
S003,"MegaMart New Michele",C034,Kari,14993.78,"High Value"
S003,"MegaMart New Michele",C014,Brittany,14872.05,"High Value"
S003,"MegaMart New Michele",C096,Eric,14864.25,"High Value"
S003,"MegaMart New Michele",C134,Emily,14323.560000000001,"High Value"
S003,"MegaMart New Michele",C114,Miranda,14179.14,"High Value"
S003,"MegaMart New Michele",C110,Travis,13877.130000000001,"High Value"
S003,"MegaMart New Michele",C086,Lawrence,13788.919999999998,"High Value"
S003,"MegaMart New Michele",C061,Heather,13738.39,"High Value"
S003,"MegaMart New Michele",C172,Michelle,13445.6,"High Value"
S003,"MegaMart New Michele",C037,Miranda,13431.09,"High Value"
S003,"MegaMart New Michele",C149,Melissa,13402.5,"High Value"
S003,"MegaMart New Michele",C008,Isaiah,12989.58,"High Value"
S003,"MegaMart New Michele",C022,Megan,12728.060000000001,"High Value"
S003,"MegaMart New Michele",C139,Alexander,12540.8,"High Value"
S003,"MegaMart New Michele",C082,Amy,12123.7,"High Value"
S003,"MegaMart New Michele",C013,Robert,11823.599999999999,"High Value"
S003,"MegaMart New Michele",C046,Dennis,11804.289999999999,"High Value"
S003,"MegaMart New Michele",C001,Michael,11687.88,"High Value"
S003,"MegaMart New Michele",C159,Thomas,11671.33,"High Value"
S003,"MegaMart New Michele",C074,Jesus,11541.949999999999,"High Value"
S003,"MegaMart New Michele",C023,Mark,11475.45,"High Value"
S003,"MegaMart New Michele",C047,Mary,11465.819999999998,"High Value"
S003,"MegaMart New Michele",C036,Michael,11389.390000000001,"High Value"
S003,"MegaMart New Michele",C098,Lisa,11376.75,"High Value"
S003,"MegaMart New Michele",C066,Jason,11357.18,"High Value"
S003,"MegaMart New Michele",C079,Donald,11084.64,"High Value"
S003,"MegaMart New Michele",C155,Jill,11083.78,"High Value"
S003,"MegaMart New Michele",C128,Robert,11005.29,"High Value"
S003,"MegaMart New Michele",C012,Dale,11003.41,"High Value"
S003,"MegaMart New Michele",C077,Matthew,10943.800000000001,"High Value"
S003,"MegaMart New Michele",C101,William,10880.130000000001,"High Value"
S003,"MegaMart New Michele",C186,Vicki,10853.15,"High Value"
S003,"MegaMart New Michele",C108,Samantha,10835.97,"High Value"
S003,"MegaMart New Michele",C015,Matthew,10768.97,"High Value"
S003,"MegaMart New Michele",C197,Matthew,10604.59,"High Value"
S003,"MegaMart New Michele",C004,Joseph,10592.58,"High Value"
S003,"MegaMart New Michele",C109,Austin,10346.28,"High Value"
S003,"MegaMart New Michele",C167,Kimberly,10304.48,"High Value"
S003,"MegaMart New Michele",C075,Seth,10148.64,"High Value"
S003,"MegaMart New Michele",C097,Evelyn,10063.24,"High Value"
S003,"MegaMart New Michele",C117,Timothy,9960.09,"High Value"
S003,"MegaMart New Michele",C035,Kimberly,9886.36,"High Value"
S003,"MegaMart New Michele",C080,Grace,9860.399999999998,"High Value"
S003,"MegaMart New Michele",C070,Eric,9819.27,"High Value"
S003,"MegaMart New Michele",C090,Carrie,9763.25,"High Value"
S003,"MegaMart New Michele",C052,Billy,9671.34,"High Value"
S003,"MegaMart New Michele",C200,Ronald,9654.64,"Mid Value"
S003,"MegaMart New Michele",C024,Molly,9517.49,"Mid Value"
S003,"MegaMart New Michele",C003,Carol,9395.4,"Mid Value"
S003,"MegaMart New Michele",C042,Anna,9395.4,"Mid Value"
S003,"MegaMart New Michele",C031,Ashley,9293.75,"Mid Value"
S003,"MegaMart New Michele",C072,Eric,9268.85,"Mid Value"
S003,"MegaMart New Michele",C002,Michael,9026.21,"Mid Value"
S003,"MegaMart New Michele",C103,David,8814.6,"Mid Value"
S003,"MegaMart New Michele",C048,Alexis,8798.8,"Mid Value"
S003,"MegaMart New Michele",C017,Vanessa,8763.49,"Mid Value"
S003,"MegaMart New Michele",C056,Carl,8706.07,"Mid Value"
S003,"MegaMart New Michele",C112,Jeffrey,8478.5,"Mid Value"
S003,"MegaMart New Michele",C083,Jeremy,8453.07,"Mid Value"
S003,"MegaMart New Michele",C033,Jenny,8283.55,"Mid Value"
S003,"MegaMart New Michele",C018,Breanna,8175.05,"Mid Value"
S003,"MegaMart New Michele",C058,Lawrence,8175.05,"Mid Value"
S003,"MegaMart New Michele",C154,Lisa,8077.969999999999,"Mid Value"
S003,"MegaMart New Michele",C174,Scott,7764.210000000001,"Mid Value"
S003,"MegaMart New Michele",C135,Mario,7609.5599999999995,"Mid Value"
S003,"MegaMart New Michele",C027,Jacqueline,7560.289999999999,"Mid Value"
S003,"MegaMart New Michele",C025,Cheryl,7559.230000000001,"Mid Value"
S003,"MegaMart New Michele",C107,Victoria,7463.96,"Mid Value"
S003,"MegaMart New Michele",C187,Cynthia,7223.61,"Mid Value"
S003,"MegaMart New Michele",C119,Jason,6969.26,"Mid Value"
S003,"MegaMart New Michele",C009,Richard,6875.320000000001,"Mid Value"
S003,"MegaMart New Michele",C068,Alexandra,6847.44,"Mid Value"
S003,"MegaMart New Michele",C032,Valerie,6748.21,"Mid Value"
S003,"MegaMart New Michele",C019,John,6589.84,"Mid Value"
S003,"MegaMart New Michele",C198,Jessica,6583.51,"Mid Value"
S003,"MegaMart New Michele",C021,Debbie,6579.610000000001,"Mid Value"
S003,"MegaMart New Michele",C146,John,6446.780000000001,"Mid Value"
S003,"MegaMart New Michele",C118,Gina,6394.1,"Mid Value"
S003,"MegaMart New Michele",C160,Meagan,6117.96,"Mid Value"
S003,"MegaMart New Michele",C180,Nichole,6005.82,"Mid Value"
S003,"MegaMart New Michele",C181,Brittany,5985.900000000001,"Mid Value"
S003,"MegaMart New Michele",C050,Kelly,5863.110000000001,"Mid Value"
S003,"MegaMart New Michele",C147,Crystal,5775.67,"Mid Value"
S003,"MegaMart New Michele",C176,Peter,5584.88,"Mid Value"
S003,"MegaMart New Michele",C044,Parker,5539.62,"Mid Value"
S003,"MegaMart New Michele",C152,Brittany,5517.219999999999,"Mid Value"
S003,"MegaMart New Michele",C183,Mary,5475.860000000001,"Mid Value"
S003,"MegaMart New Michele",C011,Haley,5473.38,"Mid Value"
S003,"MegaMart New Michele",C081,Sarah,5288.76,"Mid Value"
S003,"MegaMart New Michele",C057,Julie,5280.77,"Mid Value"
S003,"MegaMart New Michele",C163,Erin,5177.66,"Mid Value"
S003,"MegaMart New Michele",C065,Scott,5146.2,"Mid Value"
S003,"MegaMart New Michele",C055,Deborah,5146.2,"Mid Value"
S003,"MegaMart New Michele",C084,Amanda,4924.27,"Mid Value"
S003,"MegaMart New Michele",C123,Peter,4788.72,"Mid Value"
S003,"MegaMart New Michele",C192,James,4788.72,"Mid Value"
S003,"MegaMart New Michele",C142,Suzanne,4681.42,"Mid Value"
S003,"MegaMart New Michele",C129,Gary,4621.889999999999,"Mid Value"
S003,"MegaMart New Michele",C088,Brenda,4534.89,"Mid Value"
S003,"MegaMart New Michele",C104,Brenda,4534.2699999999995,"Mid Value"
S003,"MegaMart New Michele",C049,Antonio,4504.38,"Mid Value"
S003,"MegaMart New Michele",C133,Yvette,4455.15,"Mid Value"
S003,"MegaMart New Michele",C039,Nancy,4319.56,"Low Value"
S003,"MegaMart New Michele",C148,John,4200.3,"Low Value"
S003,"MegaMart New Michele",C038,Tracey,4178.56,"Low Value"
S003,"MegaMart New Michele",C064,Amanda,4152.28,"Low Value"
S003,"MegaMart New Michele",C185,Joe,4066.87,"Low Value"
S003,"MegaMart New Michele",C151,Dawn,4063.04,"Low Value"
S003,"MegaMart New Michele",C189,Steve,4063.04,"Low Value"
S003,"MegaMart New Michele",C005,Jamie,3990.41,"Low Value"
S003,"MegaMart New Michele",C124,Chad,3928.35,"Low Value"
S003,"MegaMart New Michele",C091,Brian,3859.6499999999996,"Low Value"
S003,"MegaMart New Michele",C051,Madison,3815.95,"Low Value"
S003,"MegaMart New Michele",C188,Ryan,3717.5,"Low Value"
S003,"MegaMart New Michele",C105,Kenneth,3707.54,"Low Value"
S003,"MegaMart New Michele",C094,Kimberly,3681.7200000000003,"Low Value"
S003,"MegaMart New Michele",C173,Lisa,3579.2699999999995,"Low Value"
S003,"MegaMart New Michele",C153,Nancy,3579.2699999999995,"Low Value"
S003,"MegaMart New Michele",C060,Anthony,3491.22,"Low Value"
S003,"MegaMart New Michele",C053,Felicia,3287.16,"Low Value"
S003,"MegaMart New Michele",C168,Richard,3190.3900000000003,"Low Value"
S003,"MegaMart New Michele",C095,Kevin,3138.2000000000003,"Low Value"
S003,"MegaMart New Michele",C158,Crystal,3063.95,"Low Value"
S003,"MegaMart New Michele",C138,Breanna,2845.89,"Low Value"
S003,"MegaMart New Michele",C137,Gary,2830.24,"Low Value"
S003,"MegaMart New Michele",C177,Anthony,2702.91,"Low Value"
S003,"MegaMart New Michele",C193,Donald,2695.12,"Low Value"
S003,"MegaMart New Michele",C089,William,2615.44,"Low Value"
S003,"MegaMart New Michele",C006,Danny,2595.94,"Low Value"
S003,"MegaMart New Michele",C157,Connie,2456.2799999999997,"Low Value"
S003,"MegaMart New Michele",C179,Dennis,2432.72,"Low Value"
S003,"MegaMart New Michele",C166,Meagan,2381.85,"Low Value"
S003,"MegaMart New Michele",C106,Kevin,2269.6,"Low Value"
S003,"MegaMart New Michele",C170,Amber,2261.11,"Low Value"
S003,"MegaMart New Michele",C045,Kelly,2257.68,"Low Value"
S003,"MegaMart New Michele",C071,Denise,2191.44,"Low Value"
S003,"MegaMart New Michele",C067,Daniel,2163.76,"Low Value"
S003,"MegaMart New Michele",C063,Michael,2031.52,"Low Value"
S003,"MegaMart New Michele",C196,James,1941.3,"Low Value"
S003,"MegaMart New Michele",C141,Adam,1717.39,"Low Value"
S003,"MegaMart New Michele",C054,Crystal,1693.6799999999998,"Low Value"
S003,"MegaMart New Michele",C016,Miguel,1693.2599999999998,"Low Value"
S003,"MegaMart New Michele",C120,Curtis,1688.15,"Low Value"
S003,"MegaMart New Michele",C113,Heidi,1637.52,"Low Value"
S003,"MegaMart New Michele",C150,Francis,1523.55,"Low Value"
S003,"MegaMart New Michele",C111,Dylan,1474.12,"Low Value"
S003,"MegaMart New Michele",C126,Monique,1274.17,"Low Value"
S003,"MegaMart New Michele",C175,Stacey,1272.23,"Low Value"
S003,"MegaMart New Michele",C190,Daniel,1198,"Low Value"
S003,"MegaMart New Michele",C165,Tanya,1164.78,"Low Value"
S003,"MegaMart New Michele",C085,Juan,1015.76,"Low Value"
S003,"MegaMart New Michele",C127,John,1015.76,"Low Value"
S003,"MegaMart New Michele",C130,Aaron,609.42,"Low Value"
S003,"MegaMart New Michele",C087,Laurie,540.94,"Low Value"
S003,"MegaMart New Michele",C145,Paige,428.05,"Low Value"
S003,"MegaMart New Michele",C121,John,323.92,"Low Value"
S003,"MegaMart New Michele",C030,Lacey,102.28,"Low Value"
S004,"MegaMart Brianahaven",C068,Alexandra,26141.429999999997,"High Value"
S004,"MegaMart Brianahaven",C151,Dawn,23649.41,"High Value"
S004,"MegaMart Brianahaven",C140,Stacy,21566.21,"High Value"
S004,"MegaMart Brianahaven",C065,Scott,20978.59,"High Value"
S004,"MegaMart Brianahaven",C001,Michael,19791.21,"High Value"
S004,"MegaMart Brianahaven",C098,Lisa,18140.78,"High Value"
S004,"MegaMart Brianahaven",C186,Vicki,17934.300000000003,"High Value"
S004,"MegaMart Brianahaven",C029,Tyler,16901.920000000002,"High Value"
S004,"MegaMart Brianahaven",C193,Donald,16807.43,"High Value"
S004,"MegaMart Brianahaven",C138,Breanna,16295.33,"High Value"
S004,"MegaMart Brianahaven",C183,Mary,16166.719999999998,"High Value"
S004,"MegaMart Brianahaven",C171,Christina,14401.01,"High Value"
S004,"MegaMart Brianahaven",C121,John,13582.9,"High Value"
S004,"MegaMart Brianahaven",C089,William,13505.369999999999,"High Value"
S004,"MegaMart Brianahaven",C118,Gina,13177.52,"High Value"
S004,"MegaMart Brianahaven",C081,Sarah,13132.4,"High Value"
S004,"MegaMart Brianahaven",C184,Daniel,13040.51,"High Value"
S004,"MegaMart Brianahaven",C102,Carolyn,12868.74,"High Value"
S004,"MegaMart Brianahaven",C097,Evelyn,12856.22,"High Value"
S004,"MegaMart Brianahaven",C049,Antonio,12750.27,"High Value"
S004,"MegaMart Brianahaven",C010,Catherine,12655.47,"High Value"
S004,"MegaMart Brianahaven",C090,Carrie,12250.7,"High Value"
S004,"MegaMart Brianahaven",C016,Miguel,11906.869999999999,"High Value"
S004,"MegaMart Brianahaven",C058,Lawrence,11857.36,"High Value"
S004,"MegaMart Brianahaven",C084,Amanda,11825.33,"High Value"
S004,"MegaMart Brianahaven",C141,Adam,11743.73,"High Value"
S004,"MegaMart Brianahaven",C088,Brenda,11639.45,"High Value"
S004,"MegaMart Brianahaven",C105,Kenneth,11593.82,"High Value"
S004,"MegaMart Brianahaven",C023,Mark,11325.490000000002,"High Value"
S004,"MegaMart Brianahaven",C145,Paige,11168.8,"High Value"
S004,"MegaMart Brianahaven",C116,Jamie,10967.43,"High Value"
S004,"MegaMart Brianahaven",C074,Jesus,10841.09,"High Value"
S004,"MegaMart Brianahaven",C073,Carl,10807.89,"High Value"
S004,"MegaMart Brianahaven",C131,Denise,10700.29,"High Value"
S004,"MegaMart Brianahaven",C041,Melissa,10641.51,"High Value"
S004,"MegaMart Brianahaven",C170,Amber,10485.21,"High Value"
S004,"MegaMart Brianahaven",C036,Michael,10463,"High Value"
S004,"MegaMart Brianahaven",C075,Seth,10347.630000000001,"High Value"
S004,"MegaMart Brianahaven",C168,Richard,9923.060000000001,"High Value"
S004,"MegaMart Brianahaven",C130,Aaron,9763.25,"High Value"
S004,"MegaMart Brianahaven",C015,Matthew,9674.130000000001,"High Value"
S004,"MegaMart Brianahaven",C017,Vanessa,9611.359999999999,"High Value"
S004,"MegaMart Brianahaven",C122,Amy,9557.76,"High Value"
S004,"MegaMart Brianahaven",C091,Brian,9424.02,"High Value"
S004,"MegaMart Brianahaven",C162,Jill,9383.11,"High Value"
S004,"MegaMart Brianahaven",C099,Kimberly,9375.07,"High Value"
S004,"MegaMart Brianahaven",C007,Erin,9281.619999999999,"High Value"
S004,"MegaMart Brianahaven",C192,James,9270.9,"High Value"
S004,"MegaMart Brianahaven",C095,Kevin,9270.119999999999,"High Value"
S004,"MegaMart Brianahaven",C018,Breanna,9083,"High Value"
S004,"MegaMart Brianahaven",C060,Anthony,9015.74,"High Value"
S004,"MegaMart Brianahaven",C200,Ronald,8877.51,"High Value"
S004,"MegaMart Brianahaven",C111,Dylan,8798.07,"High Value"
S004,"MegaMart Brianahaven",C025,Cheryl,8790.43,"High Value"
S004,"MegaMart Brianahaven",C195,James,8689.720000000001,"High Value"
S004,"MegaMart Brianahaven",C173,Lisa,8660.57,"High Value"
S004,"MegaMart Brianahaven",C059,Scott,8582.17,"High Value"
S004,"MegaMart Brianahaven",C032,Valerie,8548.130000000001,"High Value"
S004,"MegaMart Brianahaven",C154,Lisa,8389.97,"High Value"
S004,"MegaMart Brianahaven",C164,Linda,8278.93,"High Value"
S004,"MegaMart Brianahaven",C093,Stanley,8195.67,"High Value"
S004,"MegaMart Brianahaven",C194,Ann,8166.169999999999,"Mid Value"
S004,"MegaMart Brianahaven",C163,Erin,8145.379999999999,"Mid Value"
S004,"MegaMart Brianahaven",C161,Michael,8063.710000000001,"Mid Value"
S004,"MegaMart Brianahaven",C042,Anna,7905.34,"Mid Value"
S004,"MegaMart Brianahaven",C083,Jeremy,7826.759999999999,"Mid Value"
S004,"MegaMart Brianahaven",C082,Amy,7801,"Mid Value"
S004,"MegaMart Brianahaven",C033,Jenny,7780.54,"Mid Value"
S004,"MegaMart Brianahaven",C048,Alexis,7776.56,"Mid Value"
S004,"MegaMart Brianahaven",C038,Tracey,7673.23,"Mid Value"
S004,"MegaMart Brianahaven",C126,Monique,7437.05,"Mid Value"
S004,"MegaMart Brianahaven",C127,John,7425.25,"Mid Value"
S004,"MegaMart Brianahaven",C019,John,7402.389999999999,"Mid Value"
S004,"MegaMart Brianahaven",C071,Denise,7154.42,"Mid Value"
S004,"MegaMart Brianahaven",C079,Donald,7114.349999999999,"Mid Value"
S004,"MegaMart Brianahaven",C179,Dennis,7050.33,"Mid Value"
S004,"MegaMart Brianahaven",C144,Betty,6918.11,"Mid Value"
S004,"MegaMart Brianahaven",C158,Crystal,6815.659999999999,"Mid Value"
S004,"MegaMart Brianahaven",C085,Juan,6810.06,"Mid Value"
S004,"MegaMart Brianahaven",C062,Susan,6713.75,"Mid Value"
S004,"MegaMart Brianahaven",C134,Emily,6677.07,"Mid Value"
S004,"MegaMart Brianahaven",C035,Kimberly,6615.81,"Mid Value"
S004,"MegaMart Brianahaven",C080,Grace,6498.6,"Mid Value"
S004,"MegaMart Brianahaven",C026,Justin,6368.629999999999,"Mid Value"
S004,"MegaMart Brianahaven",C101,William,6172.7,"Mid Value"
S004,"MegaMart Brianahaven",C055,Deborah,6159.35,"Mid Value"
S004,"MegaMart Brianahaven",C108,Samantha,6136.2,"Mid Value"
S004,"MegaMart Brianahaven",C167,Kimberly,6087.87,"Mid Value"
S004,"MegaMart Brianahaven",C077,Matthew,6081.799999999999,"Mid Value"
S004,"MegaMart Brianahaven",C115,Jose,6024,"Mid Value"
S004,"MegaMart Brianahaven",C125,Kimberly,5977.719999999999,"Mid Value"
S004,"MegaMart Brianahaven",C013,Robert,5896.48,"Mid Value"
S004,"MegaMart Brianahaven",C159,Thomas,5797.08,"Mid Value"
S004,"MegaMart Brianahaven",C002,Michael,5701.83,"Mid Value"
S004,"MegaMart Brianahaven",C199,Juan,5669.639999999999,"Mid Value"
S004,"MegaMart Brianahaven",C009,Richard,5635.41,"Mid Value"
S004,"MegaMart Brianahaven",C046,Dennis,5625.85,"Mid Value"
S004,"MegaMart Brianahaven",C054,Crystal,5561.3099999999995,"Mid Value"
S004,"MegaMart Brianahaven",C175,Stacey,5561.3099999999995,"Mid Value"
S004,"MegaMart Brianahaven",C157,Connie,5542.3,"Mid Value"
S004,"MegaMart Brianahaven",C128,Robert,5399.450000000001,"Mid Value"
S004,"MegaMart Brianahaven",C156,George,5392.58,"Mid Value"
S004,"MegaMart Brianahaven",C034,Kari,5371,"Mid Value"
S004,"MegaMart Brianahaven",C104,Brenda,5369.69,"Mid Value"
S004,"MegaMart Brianahaven",C078,Jeanne,5288.76,"Mid Value"
S004,"MegaMart Brianahaven",C043,Kenneth,5274.24,"Mid Value"
S004,"MegaMart Brianahaven",C113,Heidi,5242.16,"Mid Value"
S004,"MegaMart Brianahaven",C021,Debbie,5205.65,"Mid Value"
S004,"MegaMart Brianahaven",C011,Haley,5165.6,"Mid Value"
S004,"MegaMart Brianahaven",C172,Michelle,5089.52,"Mid Value"
S004,"MegaMart Brianahaven",C133,Yvette,5064.1,"Mid Value"
S004,"MegaMart Brianahaven",C196,James,4984.44,"Mid Value"
S004,"MegaMart Brianahaven",C146,John,4933.16,"Mid Value"
S004,"MegaMart Brianahaven",C129,Gary,4905.03,"Mid Value"
S004,"MegaMart Brianahaven",C155,Jill,4728.7,"Mid Value"
S004,"MegaMart Brianahaven",C092,Lindsey,4687.29,"Mid Value"
S004,"MegaMart Brianahaven",C181,Brittany,4539.2,"Mid Value"
S004,"MegaMart Brianahaven",C185,Joe,4501.35,"Mid Value"
S004,"MegaMart Brianahaven",C076,Phyllis,4490.52,"Mid Value"
S004,"MegaMart Brianahaven",C066,Jason,4485.16,"Mid Value"
S004,"MegaMart Brianahaven",C096,Eric,4455.15,"Mid Value"
S004,"MegaMart Brianahaven",C189,Steve,4455.15,"Mid Value"
S004,"MegaMart Brianahaven",C040,Scott,4220.93,"Low Value"
S004,"MegaMart Brianahaven",C143,Cynthia,4217.9,"Low Value"
S004,"MegaMart Brianahaven",C006,Danny,4028.13,"Low Value"
S004,"MegaMart Brianahaven",C176,Peter,3889.2,"Low Value"
S004,"MegaMart Brianahaven",C124,Chad,3784.59,"Low Value"
S004,"MegaMart Brianahaven",C119,Jason,3782.51,"Low Value"
S004,"MegaMart Brianahaven",C044,Parker,3719.46,"Low Value"
S004,"MegaMart Brianahaven",C094,Kimberly,3651.17,"Low Value"
S004,"MegaMart Brianahaven",C120,Curtis,3649.08,"Low Value"
S004,"MegaMart Brianahaven",C150,Francis,3647.5699999999997,"Low Value"
S004,"MegaMart Brianahaven",C051,Madison,3478.68,"Low Value"
S004,"MegaMart Brianahaven",C106,Kevin,3390.5,"Low Value"
S004,"MegaMart Brianahaven",C110,Travis,3368.8999999999996,"Low Value"
S004,"MegaMart Brianahaven",C169,Travis,3355.81,"Low Value"
S004,"MegaMart Brianahaven",C109,Austin,3275.04,"Low Value"
S004,"MegaMart Brianahaven",C190,Daniel,3270.02,"Low Value"
S004,"MegaMart Brianahaven",C177,Anthony,3239.67,"Low Value"
S004,"MegaMart Brianahaven",C064,Amanda,3046.8599999999997,"Low Value"
S004,"MegaMart Brianahaven",C028,John,2970.1,"Low Value"
S004,"MegaMart Brianahaven",C057,Julie,2970.1,"Low Value"
S004,"MegaMart Brianahaven",C132,Jared,2792.44,"Low Value"
S004,"MegaMart Brianahaven",C008,Isaiah,2788.91,"Low Value"
S004,"MegaMart Brianahaven",C047,Mary,2706.25,"Low Value"
S004,"MegaMart Brianahaven",C114,Miranda,2632.56,"Low Value"
S004,"MegaMart Brianahaven",C039,Nancy,2505.2,"Low Value"
S004,"MegaMart Brianahaven",C067,Daniel,2492.22,"Low Value"
S004,"MegaMart Brianahaven",C031,Ashley,2492.22,"Low Value"
S004,"MegaMart Brianahaven",C061,Heather,2481.5699999999997,"Low Value"
S004,"MegaMart Brianahaven",C030,Lacey,2478.27,"Low Value"
S004,"MegaMart Brianahaven",C152,Brittany,2394.36,"Low Value"
S004,"MegaMart Brianahaven",C005,Jamie,2381.85,"Low Value"
S004,"MegaMart Brianahaven",C112,Jeffrey,2163.76,"Low Value"
S004,"MegaMart Brianahaven",C072,Eric,2145.75,"Low Value"
S004,"MegaMart Brianahaven",C056,Carl,2140.25,"Low Value"
S004,"MegaMart Brianahaven",C165,Tanya,2020.88,"Low Value"
S004,"MegaMart Brianahaven",C188,Ryan,2019.37,"Low Value"
S004,"MegaMart Brianahaven",C045,Kelly,1941.3,"Low Value"
S004,"MegaMart Brianahaven",C037,Miranda,1858.75,"Low Value"
S004,"MegaMart Brianahaven",C142,Suzanne,1798.97,"Low Value"
S004,"MegaMart Brianahaven",C166,Meagan,1694.3200000000002,"Low Value"
S004,"MegaMart Brianahaven",C063,Michael,1693.2599999999998,"Low Value"
S004,"MegaMart Brianahaven",C136,Amanda,1590.25,"Low Value"
S004,"MegaMart Brianahaven",C182,Meghan,1467.72,"Low Value"
S004,"MegaMart Brianahaven",C180,Nichole,1350.52,"Low Value"
S004,"MegaMart Brianahaven",C052,Billy,1348.8600000000001,"Low Value"
S004,"MegaMart Brianahaven",C004,Joseph,1347.56,"Low Value"
S004,"MegaMart Brianahaven",C069,Gabriel,1165.37,"Low Value"
S004,"MegaMart Brianahaven",C197,Matthew,1164.78,"Low Value"
S004,"MegaMart Brianahaven",C153,Nancy,1079.89,"Low Value"
S004,"MegaMart Brianahaven",C178,Mark,1044.64,"Low Value"
S004,"MegaMart Brianahaven",C107,Victoria,994.28,"Low Value"
S004,"MegaMart Brianahaven",C147,Crystal,636.1,"Low Value"
S004,"MegaMart Brianahaven",C123,Peter,428.05,"Low Value"
S004,"MegaMart Brianahaven",C148,John,369.57,"Low Value"
S004,"MegaMart Brianahaven",C053,Felicia,337.63,"Low Value"
S004,"MegaMart Brianahaven",C100,Sean,329.34000000000003,"Low Value"
S004,"MegaMart Brianahaven",C022,Megan,127.85,"Low Value"
S004,"MegaMart Brianahaven",C027,Jacqueline,127.85,"Low Value"
S004,"MegaMart Brianahaven",C135,Mario,127.85,"Low Value"
S004,"MegaMart Brianahaven",C139,Alexander,123.19,"Low Value"
S005,"MegaMart Johnmouth",C177,Anthony,26110.17,"High Value"
S005,"MegaMart Johnmouth",C155,Jill,22018.93,"High Value"
S005,"MegaMart Johnmouth",C106,Kevin,19453.93,"High Value"
S005,"MegaMart Johnmouth",C054,Crystal,19044.440000000002,"High Value"
S005,"MegaMart Johnmouth",C048,Alexis,18816.989999999998,"High Value"
S005,"MegaMart Johnmouth",C119,Jason,18588.32,"High Value"
S005,"MegaMart Johnmouth",C003,Carol,17839.63,"High Value"
S005,"MegaMart Johnmouth",C046,Dennis,17260.22,"High Value"
S005,"MegaMart Johnmouth",C033,Jenny,16806.09,"High Value"
S005,"MegaMart Johnmouth",C028,John,16420.1,"High Value"
S005,"MegaMart Johnmouth",C001,Michael,16121.880000000001,"High Value"
S005,"MegaMart Johnmouth",C189,Steve,15050.5,"High Value"
S005,"MegaMart Johnmouth",C197,Matthew,14982.2,"High Value"
S005,"MegaMart Johnmouth",C133,Yvette,14890.29,"High Value"
S005,"MegaMart Johnmouth",C065,Scott,14698.240000000002,"High Value"
S005,"MegaMart Johnmouth",C105,Kenneth,14374.39,"High Value"
S005,"MegaMart Johnmouth",C010,Catherine,14204.19,"High Value"
S005,"MegaMart Johnmouth",C182,Meghan,13628.5,"High Value"
S005,"MegaMart Johnmouth",C066,Jason,13614.95,"High Value"
S005,"MegaMart Johnmouth",C137,Gary,13530.14,"High Value"
S005,"MegaMart Johnmouth",C020,Ryan,13411.880000000001,"High Value"
S005,"MegaMart Johnmouth",C129,Gary,13267.140000000001,"High Value"
S005,"MegaMart Johnmouth",C156,George,13254.18,"High Value"
S005,"MegaMart Johnmouth",C026,Justin,12903.85,"High Value"
S005,"MegaMart Johnmouth",C132,Jared,12719.5,"High Value"
S005,"MegaMart Johnmouth",C147,Crystal,12681.11,"High Value"
S005,"MegaMart Johnmouth",C044,Parker,12072.56,"High Value"
S005,"MegaMart Johnmouth",C169,Travis,11919.900000000001,"High Value"
S005,"MegaMart Johnmouth",C176,Peter,11718.65,"High Value"
S005,"MegaMart Johnmouth",C131,Denise,11585.52,"High Value"
S005,"MegaMart Johnmouth",C045,Kelly,11521.54,"High Value"
S005,"MegaMart Johnmouth",C186,Vicki,11029.119999999999,"High Value"
S005,"MegaMart Johnmouth",C079,Donald,10776.14,"High Value"
S005,"MegaMart Johnmouth",C172,Michelle,10633.74,"High Value"
S005,"MegaMart Johnmouth",C067,Daniel,10631.35,"High Value"
S005,"MegaMart Johnmouth",C163,Erin,10530.609999999999,"High Value"
S005,"MegaMart Johnmouth",C102,Carolyn,10243.039999999999,"High Value"
S005,"MegaMart Johnmouth",C139,Alexander,10116.64,"High Value"
S005,"MegaMart Johnmouth",C022,Megan,10080.2,"High Value"
S005,"MegaMart Johnmouth",C052,Billy,10016.38,"High Value"
S005,"MegaMart Johnmouth",C148,John,9879.63,"High Value"
S005,"MegaMart Johnmouth",C012,Dale,9872.180000000002,"High Value"
S005,"MegaMart Johnmouth",C164,Linda,9821.810000000001,"High Value"
S005,"MegaMart Johnmouth",C040,Scott,9785.9,"High Value"
S005,"MegaMart Johnmouth",C158,Crystal,9760.18,"High Value"
S005,"MegaMart Johnmouth",C043,Kenneth,9726.66,"High Value"
S005,"MegaMart Johnmouth",C060,Anthony,9568.51,"High Value"
S005,"MegaMart Johnmouth",C032,Valerie,9445.91,"High Value"
S005,"MegaMart Johnmouth",C042,Anna,9395.4,"High Value"
S005,"MegaMart Johnmouth",C085,Juan,9293.75,"High Value"
S005,"MegaMart Johnmouth",C184,Daniel,9268.85,"High Value"
S005,"MegaMart Johnmouth",C170,Amber,9192.74,"High Value"
S005,"MegaMart Johnmouth",C073,Carl,9054.13,"High Value"
S005,"MegaMart Johnmouth",C185,Joe,8699.23,"High Value"
S005,"MegaMart Johnmouth",C143,Cynthia,8629.36,"High Value"
S005,"MegaMart Johnmouth",C038,Tracey,8527.46,"High Value"
S005,"MegaMart Johnmouth",C050,Kelly,8471.05,"High Value"
S005,"MegaMart Johnmouth",C151,Dawn,8330,"High Value"
S005,"MegaMart Johnmouth",C128,Robert,8292.84,"High Value"
S005,"MegaMart Johnmouth",C086,Lawrence,7977.99,"Mid Value"
S005,"MegaMart Johnmouth",C180,Nichole,7775.020000000001,"Mid Value"
S005,"MegaMart Johnmouth",C175,Stacey,7584.25,"Mid Value"
S005,"MegaMart Johnmouth",C135,Mario,7498.2,"Mid Value"
S005,"MegaMart Johnmouth",C071,Denise,7493.42,"Mid Value"
S005,"MegaMart Johnmouth",C126,Monique,7486.14,"Mid Value"
S005,"MegaMart Johnmouth",C063,Michael,7467.48,"Mid Value"
S005,"MegaMart Johnmouth",C088,Brenda,7444.45,"Mid Value"
S005,"MegaMart Johnmouth",C024,Molly,7425.25,"Mid Value"
S005,"MegaMart Johnmouth",C036,Michael,7415.08,"Mid Value"
S005,"MegaMart Johnmouth",C092,Lindsey,7415.08,"Mid Value"
S005,"MegaMart Johnmouth",C095,Kevin,7195.88,"Mid Value"
S005,"MegaMart Johnmouth",C027,Jacqueline,6997.49,"Mid Value"
S005,"MegaMart Johnmouth",C121,John,6950.5,"Mid Value"
S005,"MegaMart Johnmouth",C183,Mary,6940.24,"Mid Value"
S005,"MegaMart Johnmouth",C152,Brittany,6892.84,"Mid Value"
S005,"MegaMart Johnmouth",C159,Thomas,6832.999999999999,"Mid Value"
S005,"MegaMart Johnmouth",C100,Sean,6694.76,"Mid Value"
S005,"MegaMart Johnmouth",C191,Karen,6694.76,"Mid Value"
S005,"MegaMart Johnmouth",C082,Amy,6622.75,"Mid Value"
S005,"MegaMart Johnmouth",C068,Alexandra,6539.210000000001,"Mid Value"
S005,"MegaMart Johnmouth",C190,Daniel,6456.660000000001,"Mid Value"
S005,"MegaMart Johnmouth",C162,Jill,6361.15,"Mid Value"
S005,"MegaMart Johnmouth",C168,Richard,6189.66,"Mid Value"
S005,"MegaMart Johnmouth",C074,Jesus,6108.74,"Mid Value"
S005,"MegaMart Johnmouth",C059,Scott,6100.96,"Mid Value"
S005,"MegaMart Johnmouth",C157,Connie,5985.900000000001,"Mid Value"
S005,"MegaMart Johnmouth",C023,Mark,5985.900000000001,"Mid Value"
S005,"MegaMart Johnmouth",C093,Stanley,5940.2,"Mid Value"
S005,"MegaMart Johnmouth",C007,Erin,5831.26,"Mid Value"
S005,"MegaMart Johnmouth",C173,Lisa,5826.849999999999,"Mid Value"
S005,"MegaMart Johnmouth",C112,Jeffrey,5637.24,"Mid Value"
S005,"MegaMart Johnmouth",C140,Stacy,5576.25,"Mid Value"
S005,"MegaMart Johnmouth",C077,Matthew,5399.450000000001,"Mid Value"
S005,"MegaMart Johnmouth",C061,Heather,5329.009999999999,"Mid Value"
S005,"MegaMart Johnmouth",C110,Travis,5288.76,"Mid Value"
S005,"MegaMart Johnmouth",C153,Nancy,5180.97,"Mid Value"
S005,"MegaMart Johnmouth",C049,Antonio,5027.0599999999995,"Mid Value"
S005,"MegaMart Johnmouth",C058,Lawrence,5021.07,"Mid Value"
S005,"MegaMart Johnmouth",C161,Michael,5021.07,"Mid Value"
S005,"MegaMart Johnmouth",C179,Dennis,5003.33,"Mid Value"
S005,"MegaMart Johnmouth",C178,Mark,4905.03,"Mid Value"
S005,"MegaMart Johnmouth",C041,Melissa,4789.42,"Mid Value"
S005,"MegaMart Johnmouth",C075,Seth,4772.36,"Mid Value"
S005,"MegaMart Johnmouth",C103,David,4738.25,"Mid Value"
S005,"MegaMart Johnmouth",C146,John,4539.2,"Mid Value"
S005,"MegaMart Johnmouth",C196,James,4025.59,"Mid Value"
S005,"MegaMart Johnmouth",C019,John,3404.3999999999996,"Mid Value"
S005,"MegaMart Johnmouth",C080,Grace,3382.5199999999995,"Mid Value"
S005,"MegaMart Johnmouth",C165,Tanya,3338.4800000000005,"Mid Value"
S005,"MegaMart Johnmouth",C117,Timothy,3237.9799999999996,"Mid Value"
S005,"MegaMart Johnmouth",C141,Adam,3236.06,"Mid Value"
S005,"MegaMart Johnmouth",C009,Richard,3145.59,"Mid Value"
S005,"MegaMart Johnmouth",C030,Lacey,2952.77,"Mid Value"
S005,"MegaMart Johnmouth",C008,Isaiah,2948.24,"Mid Value"
S005,"MegaMart Johnmouth",C188,Ryan,2822.1,"Mid Value"
S005,"MegaMart Johnmouth",C134,Emily,2704.7000000000003,"Mid Value"
S005,"MegaMart Johnmouth",C193,Donald,2704.7000000000003,"Mid Value"
S005,"MegaMart Johnmouth",C091,Brian,2647.26,"Low Value"
S005,"MegaMart Johnmouth",C051,Madison,2533.3300000000004,"Low Value"
S005,"MegaMart Johnmouth",C006,Danny,2454.48,"Low Value"
S005,"MegaMart Johnmouth",C005,Jamie,2444.96,"Low Value"
S005,"MegaMart Johnmouth",C123,Peter,2388.24,"Low Value"
S005,"MegaMart Johnmouth",C108,Samantha,2388.24,"Low Value"
S005,"MegaMart Johnmouth",C062,Susan,2286.48,"Low Value"
S005,"MegaMart Johnmouth",C145,Paige,2269.6,"Low Value"
S005,"MegaMart Johnmouth",C144,Betty,2269.6,"Low Value"
S005,"MegaMart Johnmouth",C107,Victoria,2174.4900000000002,"Low Value"
S005,"MegaMart Johnmouth",C194,Ann,2159.78,"Low Value"
S005,"MegaMart Johnmouth",C113,Heidi,2021.34,"Low Value"
S005,"MegaMart Johnmouth",C002,Michael,1952.65,"Low Value"
S005,"MegaMart Johnmouth",C111,Dylan,1878.47,"Low Value"
S005,"MegaMart Johnmouth",C149,Melissa,1858.75,"Low Value"
S005,"MegaMart Johnmouth",C029,Tyler,1814.48,"Low Value"
S005,"MegaMart Johnmouth",C055,Deborah,1783.2599999999998,"Low Value"
S005,"MegaMart Johnmouth",C025,Cheryl,1712.2,"Low Value"
S005,"MegaMart Johnmouth",C114,Miranda,1693.2599999999998,"Low Value"
S005,"MegaMart Johnmouth",C017,Vanessa,1673.69,"Low Value"
S005,"MegaMart Johnmouth",C034,Kari,1646.8899999999999,"Low Value"
S005,"MegaMart Johnmouth",C166,Meagan,1635.01,"Low Value"
S005,"MegaMart Johnmouth",C154,Lisa,1485.05,"Low Value"
S005,"MegaMart Johnmouth",C094,Kimberly,1360.8600000000001,"Low Value"
S005,"MegaMart Johnmouth",C083,Jeremy,1347.56,"Low Value"
S005,"MegaMart Johnmouth",C013,Robert,1286.55,"Low Value"
S005,"MegaMart Johnmouth",C056,Carl,1286.55,"Low Value"
S005,"MegaMart Johnmouth",C125,Kimberly,1227.24,"Low Value"
S005,"MegaMart Johnmouth",C124,Chad,1197.18,"Low Value"
S005,"MegaMart Johnmouth",C084,Amanda,1194.12,"Low Value"
S005,"MegaMart Johnmouth",C120,Curtis,1165.37,"Low Value"
S005,"MegaMart Johnmouth",C167,Kimberly,1165.37,"Low Value"
S005,"MegaMart Johnmouth",C031,Ashley,1164.78,"Low Value"
S005,"MegaMart Johnmouth",C195,James,1134.8,"Low Value"
S005,"MegaMart Johnmouth",C035,Kimberly,1081.88,"Low Value"
S005,"MegaMart Johnmouth",C069,Gabriel,1015.76,"Low Value"
S005,"MegaMart Johnmouth",C081,Sarah,1015.76,"Low Value"
S005,"MegaMart Johnmouth",C136,Amanda,1012.89,"Low Value"
S005,"MegaMart Johnmouth",C039,Nancy,994.28,"Low Value"
S005,"MegaMart Johnmouth",C099,Kimberly,954.1500000000001,"Low Value"
S005,"MegaMart Johnmouth",C192,James,856.1,"Low Value"
S005,"MegaMart Johnmouth",C047,Mary,818.76,"Low Value"
S005,"MegaMart Johnmouth",C096,Eric,776.52,"Low Value"
S005,"MegaMart Johnmouth",C109,Austin,745.71,"Low Value"
S005,"MegaMart Johnmouth",C021,Debbie,745.71,"Low Value"
S005,"MegaMart Johnmouth",C127,John,745.71,"Low Value"
S005,"MegaMart Johnmouth",C116,Jamie,675.53,"Low Value"
S005,"MegaMart Johnmouth",C160,Meagan,673.78,"Low Value"
S005,"MegaMart Johnmouth",C014,Brittany,647.84,"Low Value"
S005,"MegaMart Johnmouth",C198,Jessica,439.12,"Low Value"
S005,"MegaMart Johnmouth",C174,Scott,429.15,"Low Value"
S005,"MegaMart Johnmouth",C089,William,381.41999999999996,"Low Value"
S005,"MegaMart Johnmouth",C187,Cynthia,323.92,"Low Value"
S005,"MegaMart Johnmouth",C104,Brenda,248.57,"Low Value"
S005,"MegaMart Johnmouth",C037,Miranda,123.19,"Low Value"
S005,"MegaMart Johnmouth",C171,Christina,102.28,"Low Value"
S005,"MegaMart Johnmouth",C004,Joseph,58.48,"Low Value"
S005,"MegaMart Johnmouth",C115,Jose,51.14,"Low Value"
